<?xml version="1.0" encoding="UTF-8"?>
<project-private xmlns="http://www.netbeans.org/ns/project-private/1">
    <editor-bookmarks xmlns="http://www.netbeans.org/ns/editor-bookmarks/2" lastBookmarkId="0"/>
    <open-files xmlns="http://www.netbeans.org/ns/projectui-open-files/2">
        <group>
            <file>file:/C:/Users/Lily/Desktop/GuoJingW_Lab1/Wu_Lab1/test/paystation/domain/PayStationImplTest.java</file>
            <file>file:/C:/Users/Lily/Desktop/GuoJingW_Lab1/Wu_Lab1/src/paystation/domain/PayStationImpl.java</file>
        </group>
    </open-files>
</project-private>
